Index,Jan-10,Feb-10,Mar-10,Apr-10,May-10,Jun-10,Jul-10,Aug-10,Sep-10,Oct-10,Nov-10,Dec-10,Jan-11,Feb-11,Mar-11,Apr-11,May-11,Jun-11,Jul-11,Aug-11,Sep-11,Oct-11,Nov-11,Dec-11,Jan-12,Feb-12,Mar-12,Apr-12,May-12,Jun-12,Jul-12,Aug-12,Sep-12,Oct-12,Nov-12,Dec-12
AUSTRALI.INDPROD.THERMAL ,19479,17709,18149,16008,17827,17962,18536,18031,16626,16045,15669,16058,18900,16898,17191,15575,17197,16994,17645,17123,15452,16074,16521,16305,17505,16529,16300,15541,16682,16069,16940,16412,14742,15627,15703,16403
AUSTRALI.INDPROD.NUCLEAR ,0,0,0,0,0,0,0,0,0,0,0,0,0,0,0,0,0,0,0,0,0,0,0,0,0,0,0,0,0,0,0,0,0,0,0,0
AUSTRALI.INDPROD.HYDRO   ,755,749,650,777,1004,1073,1145,1273,1322,1204,1319,1251,1254,1302,1062,975,1383,1446,1609,1405,1293,1054,1135,953,894,945,1242,1273,1304,1684,2278,2135,1898,1637,1280,1262
AUSTRALI.INDPROD.GEOTHERM,441,418,440,352,309,321,387,656,409,448,379,515,435,507,559,453,418,597,615,530,756,586,591,607,799,557,635,467,546,667,566,804,735,663,686,862
AUSTRALI.INDPROD.ELECTR  ,20674,18876,19239,17137,19140,19355,20068,19960,18357,17697,17367,17824,20588,18706,18812,17003,18998,19037,19868,19058,17501,17714,18248,17866,19198,18031,18177,17281,18532,18419,19784,19351,17375,17927,17669,18526
AUSTRALI.IMPORTS.ELECTR  ,0,0,0,0,0,0,0,0,0,0,0,0,0,0,0,0,0,0,0,0,0,0,0,0,0,0,0,0,0,0,0,0,0,0,0,0
AUSTRALI.EXPORTS.ELECTR  ,0,0,0,0,0,0,0,0,0,0,0,0,0,0,0,0,0,0,0,0,0,0,0,0,0,0,0,0,0,0,0,0,0,0,0,0
AUSTRALI.CONSUME.ELECTR  ,20674,18876,19239,17137,19140,19355,20068,19960,18357,17697,17367,17824,20588,18706,18812,17003,18998,19037,19868,19058,17501,17714,18248,17866,19198,18031,18177,17281,18532,18419,19784,19351,17375,17927,17669,18526
AUSTRIA.INDPROD.THERMAL  ,3138,2882,2439,1734,1424,1508,1655,1390,1809,2575,2604,3059,3035,2647,2875,1914,1865,1393,1447,1188,1748,2081,2593,2423,2521,2994,2104,1519,1040,1104,1069,1322,1484,2032,2362,2519
AUSTRIA.INDPROD.NUCLEAR  ,0,0,0,0,0,0,0,0,0,0,0,0,0,0,0,0,0,0,0,0,0,0,0,0,0,0,0,0,0,0,0,0,0,0,0,0
AUSTRIA.INDPROD.HYDRO    ,2605,2259,2942,2530,3977,4467,4064,4378,3807,2936,2866,3074,2969,2502,2420,2594,3159,3905,3621,3794,3067,3204,2433,2325,3307,2811,3603,3541,4439,4807,4737,4032,3900,3796,3549,3263
AUSTRIA.INDPROD.GEOTHERM ,217,208,245,149,169,139,160,162,139,173,206,205,180,189,210,215,165,185,233,128,163,181,134,227,377,352,264,239,233,167,157,128,223,194,237,219
AUSTRIA.INDPROD.ELECTR   ,5961,5348,5625,4413,5570,6115,5879,5930,5754,5684,5675,6338,6184,5337,5505,4724,5189,5483,5301,5110,4978,5466,5160,4975,6205,6157,5971,5298,5713,6078,5963,5482,5607,6022,6148,6002
AUSTRIA.IMPORTS.ELECTR   ,2255,2128,2173,2280,1194,763,1260,897,1206,1772,1942,2029,2231,2267,2373,2043,1642,1414,1791,1653,1788,2130,2568,3080,2507,2492,2535,2021,1517,1278,1460,1646,1738,1910,1925,2232
AUSTRIA.EXPORTS.ELECTR   ,1563,1412,1411,1149,1373,1519,1475,1388,1544,1579,1487,1666,1715,1430,1406,1174,1207,1450,1381,1188,1101,1661,1585,1453,1937,1939,2014,1519,1536,1800,1686,1433,1637,1823,1764,1367
AUSTRIA.CONSUME.ELECTR   ,6653,6064,6387,5544,5391,5359,5664,5439,5416,5877,6130,6701,6700,6174,6472,5593,5624,5447,5711,5575,5665,5935,6143,6602,6775,6710,6492,5800,5694,5556,5737,5695,5708,6109,6309,6867
BELGIUM.INDPROD.THERMAL  ,4369,3909,3693,3465,3427,3049,3316,2983,3175,3590,3369,3664,3317,3104,2825,2575,3153,2686,2795,2534,2701,2989,2992,2783,2743,3625,2546,2457,2232,2259,2302,2357,2653,2663,2688,2872
BELGIUM.INDPROD.NUCLEAR  ,3789,3581,4142,3660,3969,3770,3701,4233,3748,3623,3885,3628,3875,3327,3927,3965,3736,3761,3772,4314,3945,3660,3735,3926,4422,3795,3139,3263,3693,3311,3500,3093,2719,2124,2593,2811
BELGIUM.INDPROD.HYDRO    ,148,149,156,142,129,124,122,134,126,127,139,151,161,149,139,114,64,60,112,115,120,125,107,146,159,140,139,140,120,91,143,131,139,145,156,165
BELGIUM.INDPROD.GEOTHERM ,100,144,185,161,175,180,176,202,162,191,200,175,255,239,288,308,384,362,328,341,369,399,275,451,374,323,329,362,368,357,361,399,399,426,366,475
BELGIUM.INDPROD.ELECTR   ,8406,7783,8176,7427,7700,7123,7315,7552,7212,7531,7593,7618,7608,6820,7178,6962,7337,6869,7007,7305,7135,7172,7110,7305,7699,7882,6153,6222,6413,6018,6306,5981,5911,5359,5803,6324
BELGIUM.IMPORTS.ELECTR   ,1229,917,930,761,854,1062,800,801,906,1330,1213,1594,1368,1156,1427,1026,1005,1297,1107,860,803,927,1054,1160,1119,1243,1828,1276,1146,1155,880,1141,1283,2118,1920,1739
BELGIUM.EXPORTS.ELECTR   ,1012,948,1040,821,1156,934,1118,1344,922,1159,881,507,549,412,621,839,1140,1199,1347,1330,1042,736,727,711,784,1203,405,464,670,589,803,568,530,241,228,426
BELGIUM.CONSUME.ELECTR   ,8623,7752,8066,7367,7398,7251,6997,7009,7196,7702,7925,8705,8427,7564,7984,7149,7202,6967,6767,6835,6896,7363,7437,7754,8034,7922,7576,7034,6889,6584,6383,6554,6664,7236,7495,7637
CANADA.INDPROD.THERMAL   ,14424,12538,12425,10700,11576,11561,12980,12750,10892,11036,12031,12843,14627,12182,12620,10474,9827,9750,12084,11568,10762,11133,11742,12009,13670,12971,12700,10754,10313,10111,11504,11935,11180,11635,12012,13440
CANADA.INDPROD.NUCLEAR   ,7705,7089,7396,6177,5614,6457,6955,7452,7579,7533,6981,8590,8346,6914,7372,6854,7038,6653,7447,7857,7210,6870,6002,7224,7227,6374,7002,6438,7067,7332,7959,7282,6429,7520,8052,8011
CANADA.INDPROD.HYDRO     ,37899,33449,32421,28254,26465,25567,26567,24649,22317,25222,29441,35858,37822,33921,34831,30021,29339,27538,29577,28894,26214,27844,30467,36311,38099,33656,32742,29904,29258,27867,30453,30105,26993,29639,32356,35339
CANADA.INDPROD.GEOTHERM  ,695,503,743,813,763,636,632,586,901,1133,1124,1119,1495,1785,1639,1844,1514,1241,1116,1049,1440,1905,2512,2444,2675,2033,2456,2106,1762,1645,1150,1268,1656,2436,2107,2286
CANADA.INDPROD.ELECTR    ,60723,53579,52985,45944,44417,44221,47134,45437,41688,44923,49577,58410,62290,54802,56463,49192,47718,45182,50223,49367,45627,47753,50723,57987,61670,55034,54900,49202,48400,46956,51066,50590,46259,51231,54527,59076
CANADA.IMPORTS.ELECTR    ,1169,1022,1309,1278,1744,1535,1437,1771,2382,2124,1725,1190,1581,1600,1664,1299,1322,1218,966,999,927,1163,894,894,957,891,1238,1297,1176,1220,975,804,885,749,814,1104
CANADA.EXPORTS.ELECTR    ,5240,4406,4473,3844,3004,3880,4264,3593,2843,2404,2564,3875,3718,4005,3835,4907,4497,6035,5591,4051,3623,3375,4167,4167,4130,3521,4163,4984,5464,5394,6683,6351,4880,4326,4588,4274
CANADA.CONSUME.ELECTR    ,56652,50195,49821,43378,43157,41876,44307,43615,41227,44643,48738,55725,60153,52397,54292,45584,44543,40365,45598,46315,42931,45541,47450,54714,58497,52404,51975,45515,44112,42782,45358,45043,42264,47654,50753,55906
CHILE.INDPROD.THERMAL    ,2472,2630,2866,2801,2866,3213,3400,3630,3053,2979,2900,3438,3308,3306,4155,3858,4146,4000,3653,3362,2949,2942,2863,3591,3775,3758,4144,4388,4735,3631,3356,4105,3863,4172,4139,4339
CHILE.INDPROD.NUCLEAR    ,0,0,0,0,0,0,0,0,0,0,0,0,0,0,0,0,0,0,0,0,0,0,0,0,0,0,0,0,0,0,0,0,0,0,0,0
CHILE.INDPROD.HYDRO      ,2278,1741,1581,1740,1840,1650,1754,1499,1706,1980,2011,1862,1886,1462,1270,1195,1221,1248,1605,1950,2004,2336,2446,2195,1945,1688,1710,1192,1175,2087,2393,1764,1551,1689,1596,1563
CHILE.INDPROD.GEOTHERM   ,21,15,15,20,15,19,24,20,110,24,25,24,28,19,29,28,15,35,25,23,32,39,36,22,26,36,28,15,35,35,41,31,35,34,31,46
CHILE.INDPROD.ELECTR     ,4771,4387,4462,4562,4720,4882,5178,5149,4869,4982,4936,5324,5221,4786,5455,5081,5383,5283,5282,5335,4985,5318,5345,5809,5746,5481,5882,5594,5944,5753,5790,5899,5448,5895,5766,5948
CHILE.IMPORTS.ELECTR     ,141,114,137,123,116,46,0,0,28,92,129,31,100,126,100,65,2,0,0,0,51,69,133,88,0,0,0,0,0,0,0,0,0,0,0,0
CHILE.EXPORTS.ELECTR     ,0,0,0,0,0,0,0,0,0,0,0,0,0,0,0,0,0,0,0,0,0,0,0,0,0,0,0,0,0,0,0,0,0,0,0,0
CHILE.CONSUME.ELECTR     ,4912,4501,4599,4685,4836,4928,5178,5149,4897,5074,5065,5355,5321,4912,5555,5146,5385,5283,5282,5335,5036,5387,5478,5897,5746,5481,5882,5594,5944,5753,5790,5899,5448,5895,5766,5948
CZECH.INDPROD.THERMAL    ,4913,4313,4662,3672,3398,3215,3847,3298,4123,4461,4321,4488,4633,4223,4366,3503,3855,3558,3537,3654,3964,4577,4636,4535,4724,4534,4467,4137,3695,3587,3233,3267,3165,3775,3844,3879
CZECH.INDPROD.NUCLEAR    ,2684,2450,2403,2443,1933,1927,2225,1943,1750,2164,2098,2420,2740,2389,2392,2350,2178,1963,1734,1960,1672,2240,2445,2615,2688,2265,2477,2401,2136,2045,2650,2064,2277,2470,2575,2483
CZECH.INDPROD.HYDRO      ,273,222,312,335,293,345,224,350,256,257,209,290,335,282,291,275,175,162,207,218,190,223,210,254,349,293,367,287,234,177,167,197,208,213,248,278
CZECH.INDPROD.GEOTHERM   ,18,40,85,88,83,107,103,113,98,97,66,47,65,126,239,275,319,294,267,282,244,192,108,100,137,147,249,268,336,287,286,299,242,163,92,39
CZECH.INDPROD.ELECTR     ,7888,7025,7462,6538,5707,5594,6400,5705,6228,6978,6694,7245,7773,7020,7288,6403,6528,5977,5745,6114,6071,7232,7398,7504,7897,7240,7560,7093,6401,6096,6336,5828,5892,6621,6760,6679
CZECH.IMPORTS.ELECTR     ,598,689,549,490,489,376,503,448,479,707,682,631,535,718,813,698,591,532,1106,922,805,941,1214,1584,1281,1524,840,675,604,702,898,1149,727,1090,1090,1009
CZECH.EXPORTS.ELECTR     ,2118,2027,2147,1933,1216,1287,2183,1389,1752,2181,1793,1565,2073,1988,2245,2076,2143,1778,2145,2212,2055,2735,2765,3286,3048,2509,2716,2579,2108,2147,2617,2246,1893,2303,2288,2256
CZECH.CONSUME.ELECTR     ,6368,5687,5864,5095,4980,4683,4720,4764,4955,5504,5583,6311,6235,5750,5856,5025,4976,4731,4706,4824,4821,5438,5847,5802,6130,6255,5684,5189,4897,4651,4617,4731,4726,5408,5562,5432
DENMARK.INDPROD.THERMAL  ,3282,3255,3135,2406,1964,1499,1475,1468,1929,2456,2666,3437,3219,2737,2859,2051,1707,1547,1205,1274,1245,1612,2117,1984,2361,2521,1609,1500,1173,979,753,871,1121,1706,1747,2406
DENMARK.INDPROD.NUCLEAR  ,0,0,0,0,0,0,0,0,0,0,0,0,0,0,0,0,0,0,0,0,0,0,0,0,0,0,0,0,0,0,0,0,0,0,0,0
DENMARK.INDPROD.HYDRO    ,2,1,3,2,2,1,1,1,1,1,3,2,2,2,2,1,1,1,1,1,2,1,1,2,2,2,2,1,1,1,1,1,1,2,2,2
DENMARK.INDPROD.GEOTHERM ,762,517,676,632,607,401,421,539,764,873,895,723,734,1153,903,730,786,503,562,654,736,979,730,1309,1148,946,1075,727,738,763,597,521,934,880,877,1082
DENMARK.INDPROD.ELECTR   ,4046,3774,3815,3041,2573,1902,1898,2009,2694,3331,3564,4162,3956,3892,3764,2782,2493,2051,1768,1929,1983,2592,2848,3295,3511,3468,2686,2228,1912,1743,1352,1393,2056,2588,2626,3490
DENMARK.IMPORTS.ELECTR   ,754,717,846,626,961,1291,1370,1138,860,707,579,750,770,543,602,890,795,1123,1430,1411,1392,945,931,860,909,765,1337,1427,1517,1440,1660,1857,1314,1381,1291,1019
DENMARK.EXPORTS.ELECTR   ,1289,1375,1458,939,789,535,691,460,802,1075,959,1363,1415,1423,1273,1017,557,588,606,537,572,604,786,997,1155,1080,1029,959,774,613,557,587,729,1037,925,1261
DENMARK.CONSUME.ELECTR   ,3511,3116,3203,2728,2745,2658,2577,2687,2752,2963,3184,3549,3311,3012,3093,2655,2731,2586,2592,2803,2803,2933,2993,3158,3265,3153,2994,2696,2655,2570,2455,2663,2641,2932,2992,3248
ESTONIA.INDPROD.THERMAL  ,1115,1020,1059,764,849,846,866,816,840,987,1034,1231,1202,1009,1110,798,867,911,855,917,825,843,1056,1037,953,969,812,771,800,772,691,946,851,941,945,1095
ESTONIA.INDPROD.NUCLEAR  ,0,0,0,0,0,0,0,0,0,0,0,0,0,0,0,0,0,0,0,0,0,0,0,0,0,0,0,0,0,0,0,0,0,0,0,0
ESTONIA.INDPROD.HYDRO    ,2,1,2,4,4,2,1,1,1,2,4,3,3,2,2,4,4,1,1,1,1,3,2,4,4,2,3,4,5,3,2,1,2,4,4,3
ESTONIA.INDPROD.GEOTHERM ,16,19,28,18,21,22,14,18,28,32,31,31,34,25,44,22,23,18,12,18,34,42,38,59,38,36,46,37,28,28,28,27,46,43,67,52
ESTONIA.INDPROD.ELECTR   ,1133,1041,1089,786,874,870,882,834,868,1021,1068,1265,1239,1036,1155,823,894,930,869,937,860,887,1096,1101,995,1007,861,813,833,803,721,974,899,988,1017,1150
ESTONIA.IMPORTS.ELECTR   ,96,51,26,248,77,56,108,141,101,55,67,73,40,68,99,276,113,97,162,133,198,237,128,139,228,215,264,244,261,209,297,154,180,192,228,238
ESTONIA.EXPORTS.ELECTR   ,268,268,297,365,334,385,447,418,368,373,385,447,412,297,437,410,370,480,486,497,462,444,499,458,347,329,315,346,444,407,420,508,444,439,474,477
ESTONIA.CONSUME.ELECTR   ,961,824,818,669,617,541,543,557,601,703,750,891,867,807,817,689,637,547,545,573,596,680,725,782,876,893,810,711,650,605,598,620,635,741,771,911
FINLAND.INDPROD.THERMAL  ,5127,4701,4621,3605,2696,1894,1713,2029,2848,3581,4037,5131,5197,4728,4864,3219,3179,1695,1323,1623,1775,2142,2719,2713,3356,3620,2947,2452,1808,1297,1031,1276,1891,2429,2470,3603
FINLAND.INDPROD.NUCLEAR  ,2022,1826,2022,1954,1346,1670,1934,1661,1589,1857,1971,2032,2037,1805,2032,1972,1381,1703,1981,1701,1608,2026,1979,2045,2057,1921,2047,1844,1350,1848,1987,1664,1497,1808,1985,2045
FINLAND.INDPROD.HYDRO    ,1102,945,893,1059,1480,1226,994,947,930,978,1038,1148,919,899,775,1018,1009,1001,935,925,909,1334,1244,1366,1274,1239,1209,1076,1709,1502,1498,1366,1224,1618,1521,1379
FINLAND.INDPROD.GEOTHERM ,49,45,52,45,41,45,48,42,48,72,54,52,62,55,88,59,65,54,45,52,68,77,76,87,64,68,77,65,70,51,55,51,73,63,85,70
FINLAND.INDPROD.ELECTR   ,8300,7517,7588,6663,5563,4835,4689,4679,5416,6488,7100,8364,8214,7487,7759,6268,5634,4453,4284,4299,4359,5579,6018,6210,6752,6848,6280,5438,4938,4699,4572,4357,4686,5918,6062,7098
FINLAND.IMPORTS.ELECTR   ,1391,1202,1328,1174,1361,1217,1289,1592,1241,1223,1346,1353,1345,1248,1324,1284,1312,1427,1700,1883,1949,1440,1338,1407,1918,1568,1649,1598,1535,1172,1517,1858,1705,1397,1493,1680
FINLAND.EXPORTS.ELECTR   ,372,465,1003,922,396,248,37,65,234,408,375,692,686,304,911,629,403,192,93,32,124,176,107,148,155,99,182,118,147,168,253,95,113,137,92,86
FINLAND.CONSUME.ELECTR   ,9319,8254,7913,6915,6528,5804,5941,6206,6423,7303,8071,9025,8873,8431,8172,6923,6543,5688,5891,6150,6184,6843,7249,7469,8515,8317,7747,6918,6326,5703,5836,6120,6278,7178,7463,8692
FRANCE.INDPROD.THERMAL   ,8641,6721,7217,3473,2888,2383,3015,1792,3031,4488,7051,8452,6606,6499,6805,2848,3222,2072,1883,2004,2815,4463,7026,5700,5571,8523,5459,3437,1968,2358,2463,2730,2630,3499,5329,5463
FRANCE.INDPROD.NUCLEAR   ,40313,36318,35984,31294,29372,29575,31744,32391,31657,31885,35455,41889,43854,38328,37688,32850,33070,32589,33487,31384,31477,32824,33705,39819,42812,38661,37549,33100,29058,26562,28818,28314,30130,32848,37119,39912
FRANCE.INDPROD.HYDRO     ,6204,5689,6061,5659,6373,7168,5395,4274,3509,3932,5387,6880,5893,4012,4405,4013,3377,4256,4143,3791,3148,3191,3851,5586,6661,5118,3890,5319,7631,6758,4852,3502,3556,4358,4689,6254
FRANCE.INDPROD.GEOTHERM  ,772,1076,1302,833,851,671,680,812,690,1182,1135,1059,1422,1084,1388,945,1025,1165,1133,967,1109,1285,1094,2140,1729,1308,1226,1824,1242,1268,1204,1176,1178,1469,1456,2428
FRANCE.INDPROD.ELECTR    ,55929,49804,50563,41259,39484,39797,40835,39269,38887,41486,49027,58280,57775,49924,50286,40656,40694,40082,40646,38147,38550,41763,45676,53246,56772,53611,48125,43681,39899,36946,37336,35722,37494,42174,48593,54057
FRANCE.IMPORTS.ELECTR    ,3041,2197,2128,1313,1376,543,780,479,983,2682,1727,2185,1416,956,974,614,558,338,322,372,546,940,1411,1054,806,3540,488,1050,685,708,1059,1069,683,890,742,795
FRANCE.EXPORTS.ELECTR    ,2661,3291,4271,3899,3516,5832,5411,6390,4601,3255,4038,3019,5038,4795,5551,5689,5866,6384,6490,5705,4773,4686,5143,5795,6246,2630,5480,4507,5124,4351,4236,4599,4733,4487,5099,5201
FRANCE.CONSUME.ELECTR    ,56309,48710,48420,38673,37344,34508,36204,33358,35269,40913,46716,57446,54153,46085,45709,35581,35386,34036,34478,32814,34323,38017,41944,48505,51332,54521,43133,40224,35460,33303,34159,32192,33444,38577,44236,49651
GERMANY.INDPROD.THERMAL  ,38184,34507,34412,31700,30165,27890,28828,26180,28081,34131,32706,36823,36049,32711,35654,29868,31245,28018,28203,28443,30086,34317,37884,32847,35540,40575,35900,33611,28751,28991,29405,29488,30243,35121,37031,35389
GERMANY.INDPROD.NUCLEAR  ,12483,10978,11674,10137,10672,9129,10835,11468,11305,9741,11571,12979,13531,11964,10745,7641,5115,6354,7484,7980,7639,7299,7991,8468,8800,8418,8729,5793,6724,6706,6805,8557,7995,8543,8645,8437
GERMANY.INDPROD.HYDRO    ,1828,1588,1894,1773,1961,2144,2066,2292,2183,1878,1958,2062,2262,1702,1776,1680,1713,2077,2285,2280,1832,1960,1521,2118,2512,2099,2315,2337,2588,2683,2391,2094,2194,2260,2251,2261
GERMANY.INDPROD.GEOTHERM ,3525,4410,6156,4689,3922,3568,3457,4363,4112,5089,4417,4518,4138,5459,4929,5973,5802,4821,5892,5175,5018,5691,3936,8682,7791,5695,6550,6169,7257,6809,6541,6192,6098,5728,4883,6170
GERMANY.INDPROD.ELECTR   ,56020,51484,54136,48299,46720,42732,45185,44302,45681,50838,50653,56382,55980,51836,53104,45161,43876,41270,43863,43878,44576,49267,51333,52114,54643,56788,53494,47910,45319,45189,45143,46330,46530,51652,52810,52257
GERMANY.IMPORTS.ELECTR   ,2785,2771,3704,2951,3281,4785,4299,4835,3764,3460,3359,2966,3804,2979,3763,4222,5102,5226,4912,4501,3991,3896,4434,4173,4235,3068,4165,4007,4524,4192,4272,3618,3458,3834,3527,3374
GERMANY.EXPORTS.ELECTR   ,6153,5672,5948,5237,3830,3215,4113,3635,4210,4843,5131,5931,6387,6007,5701,4131,2683,3210,3699,3324,3163,4634,5278,6551,5976,6305,6670,5242,4331,4444,4346,4845,5412,6467,6015,6757
GERMANY.CONSUME.ELECTR   ,52652,48583,51892,46013,46171,44302,45371,45502,45235,49455,48881,53417,53397,48808,51166,45252,46295,43286,45076,45055,45404,48529,50489,49736,52902,53551,50989,46675,45512,44937,45069,45103,44576,49019,50322,48874
GREECE.INDPROD.THERMAL   ,3833,2941,2916,3257,3548,3706,4591,4713,3743,3586,2897,3038,3753,3414,3506,2845,3104,2965,4361,3745,3439,2953,3475,3665,3785,3476,3215,2576,2970,3298,4183,3805,3284,3154,2967,3422
GREECE.INDPROD.NUCLEAR   ,0,0,0,0,0,0,0,0,0,0,0,0,0,0,0,0,0,0,0,0,0,0,0,0,0,0,0,0,0,0,0,0,0,0,0,0
GREECE.INDPROD.HYDRO     ,817,941,1076,390,349,364,560,420,263,537,724,1015,496,327,362,292,317,432,420,401,304,224,225,270,266,353,271,337,403,430,536,444,236,175,336,564
GREECE.INDPROD.GEOTHERM  ,314,272,248,249,153,154,203,213,212,227,299,330,178,248,300,356,274,261,256,377,368,509,372,422,413,345,351,495,363,559,471,471,456,626,530,517
GREECE.INDPROD.ELECTR    ,4964,4154,4240,3896,4050,4224,5354,5346,4217,4349,3920,4383,4427,3989,4168,3494,3695,3659,5038,4523,4111,3686,4072,4357,4465,4174,3837,3407,3735,4287,5191,4719,3977,3955,3834,4502
GREECE.IMPORTS.ELECTR    ,524,554,728,706,630,889,964,971,770,587,612,581,581,648,647,563,469,632,751,726,462,476,601,624,535,463,537,518,341,515,784,594,457,366,421,415
GREECE.EXPORTS.ELECTR    ,363,234,229,78,2,62,114,358,302,382,294,391,351,319,433,291,393,252,272,332,267,286,396,355,375,357,401,441,300,239,305,343,270,344,392,355
GREECE.CONSUME.ELECTR    ,5125,4474,4739,4524,4678,5051,6204,5959,4685,4554,4238,4573,4657,4318,4382,3766,3771,4039,5517,4917,4306,3876,4277,4626,4625,4280,3973,3484,3776,4563,5670,4970,4164,3977,3863,4562
HUNGARY.INDPROD.THERMAL  ,1896,1715,1769,1435,1436,1414,1394,1225,1379,1681,1840,1923,1893,1674,1777,1402,1393,1337,1289,1241,1353,1397,1717,1685,1713,1872,1314,1080,1142,1184,1296,1306,1236,1226,1350,1420
HUNGARY.INDPROD.NUCLEAR  ,1428,1293,1291,1082,1063,1031,1045,1381,1297,1177,1276,1436,1422,1293,1196,1024,1045,1231,1038,1365,1100,1209,1380,1431,1431,1338,1415,1029,1126,1243,1027,1056,1026,1413,1304,1428
HUNGARY.INDPROD.HYDRO    ,10,17,13,13,13,6,15,20,24,28,18,6,6,20,17,19,24,20,26,25,16,15,12,19,21,13,19,15,23,21,18,12,9,12,22,21
HUNGARY.INDPROD.GEOTHERM ,28,49,46,32,43,49,33,28,42,49,56,72,45,39,65,68,54,60,59,37,41,52,29,63,90,76,82,63,54,41,41,36,30,52,59,62
HUNGARY.INDPROD.ELECTR   ,3362,3074,3119,2562,2555,2499,2487,2654,2741,2935,3189,3436,3366,3025,3055,2513,2516,2647,2413,2668,2511,2673,3137,3198,3254,3299,2830,2187,2346,2489,2382,2409,2302,2704,2734,2932
HUNGARY.IMPORTS.ELECTR   ,680,652,638,786,775,875,1230,944,885,1126,702,604,832,947,956,1037,1209,961,1487,1327,1384,1450,1456,1618,1724,1621,1473,1461,1319,1283,1574,1558,1294,1268,1192,1197
HUNGARY.EXPORTS.ELECTR   ,513,479,380,235,168,161,345,392,402,652,526,449,516,612,514,398,470,408,544,740,640,708,1119,1353,1404,1395,930,511,511,569,606,721,458,655,576,667
HUNGARY.CONSUME.ELECTR   ,3529,3247,3377,3113,3162,3213,3372,3206,3224,3409,3365,3591,3682,3360,3497,3152,3255,3200,3356,3255,3255,3415,3474,3463,3574,3525,3373,3137,3154,3203,3350,3246,3138,3317,3350,3462
ICELAND.INDPROD.THERMAL  ,0,0,0,0,0,0,0,0,0,0,0,0,0,0,0,0,0,0,0,0,0,0,0,0,0,0,0,0,0,0,0,0,0,0,0,1
ICELAND.INDPROD.NUCLEAR  ,0,0,0,0,0,0,0,0,0,0,0,0,0,0,0,0,0,0,0,0,0,0,0,0,0,0,0,0,0,0,0,0,0,0,0,0
ICELAND.INDPROD.HYDRO    ,1082,988,1079,1012,1043,1061,992,1011,1026,1040,1068,1108,1100,998,1083,997,1043,1011,999,1036,1021,1039,1010,1057,1058,1003,1038,963,1014,995,1015,1014,976,1036,1033,1080
ICELAND.INDPROD.GEOTHERM ,381,344,382,369,345,265,350,347,321,376,372,382,384,344,384,371,352,318,378,353,349,405,408,443,448,411,445,425,400,349,382,399,412,438,424,441
ICELAND.INDPROD.ELECTR   ,1463,1332,1461,1381,1388,1326,1341,1358,1348,1417,1440,1490,1484,1342,1467,1368,1395,1329,1377,1389,1370,1444,1418,1500,1507,1415,1483,1388,1414,1344,1397,1413,1388,1474,1457,1522
ICELAND.IMPORTS.ELECTR   ,0,0,0,0,0,0,0,0,0,0,0,0,0,0,0,0,0,0,0,0,0,0,0,0,0,0,0,0,0,0,0,0,0,0,0,0
ICELAND.EXPORTS.ELECTR   ,0,0,0,0,0,0,0,0,0,0,0,0,0,0,0,0,0,0,0,0,0,0,0,0,0,0,0,0,0,0,0,0,0,0,0,0
ICELAND.CONSUME.ELECTR   ,1463,1332,1461,1381,1388,1326,1341,1358,1348,1417,1440,1490,1484,1342,1467,1368,1395,1329,1377,1389,1370,1444,1418,1500,1507,1415,1483,1388,1414,1344,1397,1413,1388,1474,1457,1522
IRELAND.INDPROD.THERMAL  ,2254,2086,2124,1861,1836,1838,1769,1758,1788,1865,2003,2384,2216,1786,2059,1725,1470,1653,1761,1835,1528,1752,1720,1776,1913,1845,1840,1700,1823,1621,1700,1614,1606,1886,1910,1789
IRELAND.INDPROD.NUCLEAR  ,0,0,0,0,0,0,0,0,0,0,0,0,0,0,0,0,0,0,0,0,0,0,0,0,0,0,0,0,0,0,0,0,0,0,0,0
IRELAND.INDPROD.HYDRO    ,135,92,62,108,43,34,22,14,54,43,107,54,93,99,52,30,30,28,19,16,39,73,103,119,103,84,46,16,34,96,103,95,67,107,119,129
IRELAND.INDPROD.GEOTHERM ,247,151,251,186,168,155,268,207,288,321,340,234,277,358,207,248,547,244,186,192,487,454,551,629,541,376,311,365,261,242,223,296,313,274,363,489
IRELAND.INDPROD.ELECTR   ,2636,2328,2436,2155,2047,2028,2059,1979,2130,2229,2450,2671,2586,2243,2318,2003,2047,1926,1967,2043,2053,2279,2374,2523,2557,2305,2197,2081,2118,1959,2026,2004,1985,2266,2393,2407
IRELAND.IMPORTS.ELECTR   ,138,108,74,51,105,51,23,55,14,24,26,92,70,65,95,131,101,104,70,55,23,9,6,3,3,26,88,66,67,74,66,96,98,56,40,44
IRELAND.EXPORTS.ELECTR   ,4,8,13,19,3,18,41,17,73,36,48,9,16,16,11,2,9,3,6,16,19,37,49,57,115,55,6,12,18,9,12,22,16,23,44,38
IRELAND.CONSUME.ELECTR   ,2770,2428,2497,2187,2149,2061,2041,2017,2071,2217,2428,2754,2640,2292,2402,2132,2139,2027,2031,2082,2057,2251,2331,2469,2445,2276,2279,2135,2167,2024,2080,2078,2067,2299,2389,2413
ITALY.INDPROD.THERMAL    ,20156,18273,19296,16487,15735,16266,21229,16980,18715,19262,17828,20015,19908,18370,19508,15874,17219,15972,19174,17027,19606,17228,17205,17682,19110,20507,17463,14865,14591,15964,19288,17777,17171,16036,14638,15156
ITALY.INDPROD.NUCLEAR    ,0,0,0,0,0,0,0,0,0,0,0,0,0,0,0,0,0,0,0,0,0,0,0,0,0,0,0,0,0,0,0,0,0,0,0,0
ITALY.INDPROD.HYDRO      ,3806,3343,3881,4171,6122,6253,5383,4298,3831,3693,4674,4341,3680,2923,3339,4091,4286,6261,4893,4184,3969,3208,3743,3088,2456,2137,2387,3015,4941,5212,4791,3818,3291,3588,4606,3882
ITALY.INDPROD.GEOTHERM   ,1454,1469,1411,1179,1490,1260,1143,1226,1340,1402,1636,1697,1273,1575,2023,1996,2010,2015,2851,2620,2736,2783,2102,2845,2833,2888,3809,3792,4030,3646,4023,3799,3362,3062,2868,3023
ITALY.INDPROD.ELECTR     ,25416,23086,24589,21837,23347,23779,27755,22505,23886,24357,24138,26053,24860,22868,24870,21962,23514,24247,26918,23830,26311,23218,23049,23615,24399,25532,23659,21673,23561,24821,28102,25395,23824,22686,22112,22061
ITALY.IMPORTS.ELECTR     ,3655,4059,4563,4066,3700,3933,4586,2940,3520,3888,4025,3051,4078,4196,4228,4054,3541,3541,4016,2729,3094,4816,4663,4393,4385,3275,4724,3857,3481,3515,3420,2234,3306,4667,4595,4569
ITALY.EXPORTS.ELECTR     ,238,136,155,170,121,130,102,113,87,160,134,283,196,127,192,116,87,176,96,141,125,75,169,223,196,374,126,160,189,230,230,306,166,77,85,128
ITALY.CONSUME.ELECTR     ,28833,27009,28997,25733,26926,27582,32239,25332,27319,28085,28029,28821,28742,26937,28906,25900,26968,27612,30838,26418,29280,27959,27543,27785,28588,28433,28257,25370,26853,28106,31292,27323,26964,27276,26622,26502
JAPAN.INDPROD.THERMAL    ,68668,62713,61155,46920,44342,48363,60327,68967,60609,49799,51847,60253,70095,58332,59540,49156,48882,56368,68121,71764,65296,63221,63650,75489,84883,83357,77555,63625,61986,64101,74831,79839,72374,66776,69046,79330
JAPAN.INDPROD.NUCLEAR    ,24495,21841,22848,22397,21491,22142,24215,24282,22342,25007,23877,23499,22891,22140,20225,17093,14165,12334,11751,9168,6911,6400,6750,5282,3566,1976,1460,647,100,0,957,1682,1632,1705,1669,1734
JAPAN.INDPROD.HYDRO      ,5591,6118,10404,9504,10094,9719,11309,9285,7015,5965,5307,6139,5548,4632,5727,6583,10102,10504,9836,9040,9426,6414,5325,5634,4796,5302,7925,8646,8943,8052,9954,8132,5958,4765,4926,5535
JAPAN.INDPROD.GEOTHERM   ,267,284,350,364,359,285,291,289,331,471,599,1419,1918,1428,2391,796,678,560,629,690,690,778,855,1184,1619,1562,1326,868,883,761,783,738,698,854,814,984
JAPAN.INDPROD.ELECTR     ,99021,90955,94757,79184,76285,80509,96141,102824,90298,81242,81630,91311,100452,86532,87884,73628,73827,79767,90338,90662,82324,76814,76579,87588,94864,92197,88266,73786,71912,72914,86524,90391,80662,74101,76455,87583
JAPAN.IMPORTS.ELECTR     ,0,0,0,0,0,0,0,0,0,0,0,0,0,0,0,0,0,0,0,0,0,0,0,0,0,0,0,0,0,0,0,0,0,0,0,0
JAPAN.EXPORTS.ELECTR     ,0,0,0,0,0,0,0,0,0,0,0,0,0,0,0,0,0,0,0,0,0,0,0,0,0,0,0,0,0,0,0,0,0,0,0,0
JAPAN.CONSUME.ELECTR     ,99021,90955,94757,79184,76285,80509,96141,102824,90298,81242,81630,91311,100452,86532,87884,73628,73827,79767,90338,90662,82324,76814,76579,87588,94864,92197,88266,73786,71912,72914,86524,90391,80662,74101,76455,87583
KOREA.INDPROD.THERMAL    ,31313,26352,29722,25965,23723,25078,27901,28686,26114,25453,27240,32608,35901,27260,30083,26070,24786,26654,28224,27903,27339,27934,28804,34008,32995,32245,31445,27350,27063,27593,30645,30331,26002,26062,28767,32404
KOREA.INDPROD.NUCLEAR    ,12654,10915,10829,10928,12016,11884,12668,12704,10485,12073,12340,12398,11929,11348,12502,12184,12969,11710,12615,13061,10807,11485,11235,11586,12526,11550,11921,10876,11718,12197,12353,13340,12759,12106,10439,11802
KOREA.INDPROD.HYDRO      ,396,373,444,484,532,525,504,774,1025,512,368,469,610,453,398,336,699,738,1329,1200,623,392,305,398,391,354,420,643,587,504,504,639,506,495,440,489
KOREA.INDPROD.GEOTHERM   ,161,161,161,161,161,161,161,161,161,161,161,161,172,172,172,172,172,172,172,172,172,172,172,172,269,269,269,269,269,269,269,269,269,269,269,269
KOREA.INDPROD.ELECTR     ,44525,37802,41157,37538,36433,37648,41234,42325,37785,38199,40109,45637,48612,39233,43156,38762,38627,39274,42339,42337,38941,39983,40516,46163,46181,44418,44056,39138,39637,40563,43771,44578,39536,38932,39915,44964
KOREA.IMPORTS.ELECTR     ,0,0,0,0,0,0,0,0,0,0,0,0,0,0,0,0,0,0,0,0,0,0,0,0,0,0,0,0,0,0,0,0,0,0,0,0
KOREA.EXPORTS.ELECTR     ,0,0,0,0,0,0,0,0,0,0,0,0,0,0,0,0,0,0,0,0,0,0,0,0,0,0,0,0,0,0,0,0,0,0,0,0
KOREA.CONSUME.ELECTR     ,44525,37802,41157,37538,36433,37648,41234,42325,37785,38199,40109,45637,48612,39233,43156,38762,38627,39274,42339,42337,38941,39983,40516,46163,46181,44418,44056,39138,39637,40563,43771,44578,39536,38932,39915,44964
LUXEMBOU.INDPROD.THERMAL ,243,231,243,225,161,265,262,246,259,300,272,322,286,262,285,247,228,241,214,51,35,86,274,263,234,285,246,261,223,227,217,157,92,207,210,213
LUXEMBOU.INDPROD.NUCLEAR ,0,0,0,0,0,0,0,0,0,0,0,0,0,0,0,0,0,0,0,0,0,0,0,0,0,0,0,0,0,0,0,0,0,0,0,0
LUXEMBOU.INDPROD.HYDRO   ,121,109,108,135,161,116,87,84,98,117,155,166,148,143,141,121,48,39,47,79,77,99,79,94,94,81,111,89,97,87,87,77,83,98,97,110
LUXEMBOU.INDPROD.GEOTHERM,5,8,9,6,6,5,6,6,5,8,8,5,5,6,8,6,6,7,6,6,7,8,5,15,11,7,6,6,9,6,6,7,6,12,9,19
LUXEMBOU.INDPROD.ELECTR  ,369,347,361,366,327,386,355,336,361,425,434,493,438,411,434,374,282,288,267,136,119,193,357,372,339,373,363,356,329,320,310,241,181,317,316,342
LUXEMBOU.IMPORTS.ELECTR  ,638,573,614,625,695,580,581,487,574,630,645,638,678,640,666,613,563,464,551,563,629,620,560,548,548,569,622,558,563,556,534,494,571,570,554,545
LUXEMBOU.EXPORTS.ELECTR  ,276,257,261,272,258,272,237,229,236,282,293,343,310,296,307,279,205,172,192,95,81,138,267,272,237,280,275,267,260,247,198,164,131,202,197,165
LUXEMBOU.CONSUME.ELECTR  ,731,663,714,719,764,694,699,594,699,773,786,788,806,755,793,708,640,580,626,604,667,675,650,648,650,662,710,647,632,629,646,571,621,685,673,722
MEXICO.INDPROD.THERMAL   ,16736,14677,17452,18332,20096,20603,18482,18086,15648,16237,16191,17436,15830,14598,17459,17614,19034,19539,18876,19100,16914,16744,15709,15769,15971,14712,16972,16767,18825,19353,19289,19761,18904,18592,16233,16620
MEXICO.INDPROD.NUCLEAR   ,1004,864,699,470,484,465,368,343,365,156,225,218,472,703,825,686,850,684,978,1001,963,849,653,1015,472,703,825,1107,1097,1007,928,307,62,200,477,645
MEXICO.INDPROD.HYDRO     ,1348,1649,2068,1905,2466,2372,3868,5148,5943,4800,3160,2062,2516,2391,2504,2604,2797,2678,3076,3826,4298,3439,2856,2511,2516,2391,2504,2631,3188,2819,2507,3666,2920,2596,1618,1886
MEXICO.INDPROD.GEOTHERM  ,664,591,627,599,629,610,632,641,641,649,624,655,664,603,635,595,661,649,660,649,623,631,610,622,664,603,635,559,573,579,606,579,554,578,550,580
MEXICO.INDPROD.ELECTR    ,19751,17780,20846,21305,23676,24051,23349,24217,22597,21843,20199,20372,19482,18296,21423,21499,23344,23551,23590,24574,22798,21663,19828,19918,19623,18409,20936,21064,23682,23758,23329,24312,22440,21966,18879,19730
MEXICO.IMPORTS.ELECTR    ,12,13,17,9,40,91,63,42,40,35,20,15,6,30,44,45,47,88,80,59,103,54,20,20,6,30,44,211,202,257,274,226,220,250,109,98
MEXICO.EXPORTS.ELECTR    ,141,112,164,164,97,38,64,57,60,137,158,158,138,145,133,108,108,68,76,78,78,90,149,122,138,145,133,108,75,49,54,51,47,103,103,125
MEXICO.CONSUME.ELECTR    ,19622,17681,20699,21150,23619,24104,23348,24202,22577,21741,20061,20229,19350,18181,21334,21436,23283,23571,23594,24555,22823,21627,19699,19816,19491,18294,20847,21167,23809,23966,23549,24487,22613,22113,18885,19703
NETHLAND.INDPROD.THERMAL ,10656,9351,9920,8263,7682,7320,7105,7063,8204,10420,10023,10274,9170,8493,9133,7914,7720,7196,6995,7339,7347,8864,9568,9518,8766,9155,8005,7213,5810,6195,6338,6591,6393,7881,8118,8234
NETHLAND.INDPROD.NUCLEAR ,332,339,364,21,305,356,361,361,235,370,361,347,353,328,362,99,355,336,352,316,342,357,347,361,362,326,361,99,135,339,352,349,340,357,350,362
NETHLAND.INDPROD.HYDRO   ,11,9,14,12,8,6,2,8,7,6,9,13,7,15,10,4,1,2,2,4,2,2,1,7,7,11,11,8,13,12,11,4,3,9,10,7
NETHLAND.INDPROD.GEOTHERM,343,386,427,311,320,222,201,368,340,474,416,399,488,510,315,351,428,346,409,318,417,512,371,856,683,486,288,449,353,417,332,292,414,428,480,696
NETHLAND.INDPROD.ELECTR  ,11342,10086,10725,8607,8315,7904,7670,7800,8786,11271,10808,11033,10019,9346,9821,8367,8504,7880,7759,7978,8108,9736,10287,10743,9818,9978,8665,7768,6311,6964,7033,7236,7150,8676,8959,9299
NETHLAND.IMPORTS.ELECTR  ,868,668,688,1148,1578,1818,1989,1903,1323,770,1113,1718,1898,1253,1413,1390,1230,2192,2312,2223,1926,1599,1488,1697,1977,1556,2881,2514,3138,3080,3045,2824,2713,2762,2725,2941
NETHLAND.EXPORTS.ELECTR  ,1428,917,1178,627,1069,749,576,714,926,1748,1336,1541,1039,892,1013,644,744,680,866,1013,880,1193,1188,1378,1232,1707,1573,1326,639,935,941,971,1052,1658,1561,1450
NETHLAND.CONSUME.ELECTR  ,10782,9837,10235,9128,8824,8973,9083,8989,9183,10293,10585,11210,10878,9707,10221,9113,8990,9392,9205,9188,9154,10142,10587,11062,10563,9827,9973,8956,8810,9109,9137,9089,8811,9780,10123,10790
NZ.INDPROD.THERMAL       ,796,884,1202,1056,989,1021,1277,1119,769,766,904,928,679,602,835,805,796,798,1039,1205,1242,994,778,773,790,1072,1106,1199,1452,1454,1230,1104,864,668,727,678
NZ.INDPROD.NUCLEAR       ,0,0,0,0,0,0,0,0,0,0,0,0,0,0,0,0,0,0,0,0,0,0,0,0,0,0,0,0,0,0,0,0,0,0,0,0
NZ.INDPROD.HYDRO         ,2095,1880,1731,1707,2090,2175,2144,2225,2267,2224,2033,1898,2109,2027,2020,1988,2183,2336,2261,2167,1811,1915,1983,2032,1932,1587,1670,1550,1639,1668,2047,2148,2061,2186,1993,2063
NZ.INDPROD.GEOTHERM      ,496,433,652,664,621,631,631,607,617,645,564,659,630,577,640,660,689,620,720,671,645,653,643,613,659,605,700,657,642,684,684,613,640,707,660,682
NZ.INDPROD.ELECTR        ,3387,3197,3584,3428,3699,3827,4053,3951,3654,3635,3501,3485,3417,3206,3495,3454,3669,3754,4019,4043,3697,3562,3404,3419,3381,3264,3475,3406,3733,3806,3960,3864,3564,3561,3380,3422
NZ.IMPORTS.ELECTR        ,0,0,0,0,0,0,0,0,0,0,0,0,0,0,0,0,0,0,0,0,0,0,0,0,0,0,0,0,0,0,0,0,0,0,0,0
NZ.EXPORTS.ELECTR        ,0,0,0,0,0,0,0,0,0,0,0,0,0,0,0,0,0,0,0,0,0,0,0,0,0,0,0,0,0,0,0,0,0,0,0,0
NZ.CONSUME.ELECTR        ,3387,3197,3584,3428,3699,3827,4053,3951,3654,3635,3501,3485,3417,3206,3495,3454,3669,3754,4019,4043,3697,3562,3404,3419,3381,3264,3475,3406,3733,3806,3960,3864,3564,3561,3380,3422
NORWAY.INDPROD.THERMAL   ,443,477,576,546,483,506,525,357,235,240,464,631,589,560,610,514,415,268,257,300,253,266,299,297,273,312,275,277,242,257,184,298,236,297,284,329
NORWAY.INDPROD.NUCLEAR   ,0,0,0,0,0,0,0,0,0,0,0,0,0,0,0,0,0,0,0,0,0,0,0,0,0,0,0,0,0,0,0,0,0,0,0,0
NORWAY.INDPROD.HYDRO     ,14215,12035,10524,8049,6898,6330,7282,7352,8513,10864,11556,13329,10504,9830,9327,7705,8035,8928,10154,10074,9989,11670,12595,12553,15004,13936,12412,11709,10806,10118,10028,10683,10519,11763,11823,14090
NORWAY.INDPROD.GEOTHERM  ,107,79,97,79,56,72,77,69,64,132,104,113,150,116,162,119,80,63,58,49,119,165,138,155,151,182,195,94,112,81,100,83,150,150,189,199
NORWAY.INDPROD.ELECTR    ,14765,12591,11197,8674,7437,6908,7884,7778,8812,11236,12124,14072,11243,10505,10098,8337,8529,9259,10469,10424,10361,12102,13033,13004,15428,14430,12882,12080,11160,10456,10313,11065,10905,12209,12296,14618
NORWAY.IMPORTS.ELECTR    ,956,938,1448,1658,2078,1797,849,927,730,749,1203,1341,2413,1998,2277,1601,829,288,89,140,362,225,162,871,346,261,333,286,224,165,124,44,65,495,795,1030
NORWAY.EXPORTS.ELECTR    ,803,412,151,119,285,341,981,627,868,1368,632,539,80,102,75,358,435,1303,2385,2304,1834,1944,2187,1323,2246,1983,1582,1855,2019,1994,1955,2573,1696,1585,1392,1293
NORWAY.CONSUME.ELECTR    ,14918,13117,12494,10213,9230,8364,7752,8078,8674,10617,12695,14874,13576,12401,12300,9580,8923,8244,8173,8260,8889,10383,11008,12552,13528,12708,11633,10511,9365,8627,8482,8536,9274,11119,11699,14355
POLAND.INDPROD.THERMAL   ,13099,11715,12046,10434,10559,10348,10789,10562,10941,12107,11883,13261,12976,12281,12892,11148,11425,10917,10921,11209,11405,12377,12605,12653,12942,13061,11965,11136,10797,10853,10864,11016,10888,11963,12094,12603
POLAND.INDPROD.NUCLEAR   ,0,0,0,0,0,0,0,0,0,0,0,0,0,0,0,0,0,0,0,0,0,0,0,0,0,0,0,0,0,0,0,0,0,0,0,0
POLAND.INDPROD.HYDRO     ,266,195,318,324,338,316,279,296,316,266,249,296,299,245,445,251,213,146,267,267,157,153,133,162,204,165,273,274,216,204,179,148,118,148,156,190
POLAND.INDPROD.GEOTHERM  ,101,109,152,133,112,84,84,106,170,206,190,217,165,254,250,222,160,157,158,193,206,256,204,465,427,367,437,316,263,236,246,259,369,415,449,519
POLAND.INDPROD.ELECTR    ,13466,12019,12516,10891,11009,10748,11152,10964,11427,12578,12323,13774,13441,12780,13588,11621,11798,11220,11346,11670,11768,12786,12941,13280,13573,13593,12674,11725,11275,11293,11289,11422,11375,12526,12699,13312
POLAND.IMPORTS.ELECTR    ,581,586,648,681,620,271,694,503,295,560,510,361,230,420,305,415,281,397,883,626,486,709,910,1119,854,871,966,638,774,542,1017,1032,720,933,718,738
POLAND.EXPORTS.ELECTR    ,746,920,806,631,475,365,634,435,476,845,752,579,645,840,1080,813,854,682,1022,1029,924,1174,1418,1540,1307,1441,1102,960,795,920,1001,1077,826,1053,1058,1102
POLAND.CONSUME.ELECTR    ,13301,11685,12358,10941,11154,10654,11212,11032,11246,12293,12081,13556,13026,12360,12813,11223,11225,10935,11207,11267,11330,12321,12433,12859,13120,13023,12538,11403,11254,10915,11305,11377,11269,12406,12359,12948
PORTUGAL.INDPROD.THERMAL ,1675,1488,1086,1181,1932,2299,2997,3094,3345,2553,2583,2717,1614,2451,2117,1346,2916,2463,2317,2625,2483,2208,1796,2049,2561,2590,1822,1202,1382,1649,2047,2171,2446,1589,1504,1368
PORTUGAL.INDPROD.NUCLEAR ,0,0,0,0,0,0,0,0,0,0,0,0,0,0,0,0,0,0,0,0,0,0,0,0,0,0,0,0,0,0,0,0,0,0,0,0
PORTUGAL.INDPROD.HYDRO   ,2584,1880,2307,1988,1542,998,787,485,539,578,960,1697,2314,1429,1523,1232,1001,600,455,459,566,650,936,803,487,362,446,418,658,466,348,340,340,572,981,1026
PORTUGAL.INDPROD.GEOTHERM,1007,1015,949,656,749,592,633,586,424,764,931,1179,949,844,912,741,507,715,934,625,500,827,1006,918,690,947,844,1133,827,778,821,716,776,732,1240,1067
PORTUGAL.INDPROD.ELECTR  ,5265,4383,4342,3824,4224,3890,4417,4165,4307,3896,4474,5594,4877,4724,4552,3319,4425,3778,3706,3708,3549,3685,3738,3771,3738,3900,3113,2752,2867,2893,3216,3227,3562,2893,3725,3461
PORTUGAL.IMPORTS.ELECTR  ,354,432,389,333,355,537,685,706,616,701,470,234,516,304,501,698,390,555,678,580,678,597,525,721,1041,967,978,932,978,940,831,725,839,947,599,986
PORTUGAL.EXPORTS.ELECTR  ,617,351,357,287,291,122,100,80,87,71,232,597,465,460,489,196,436,225,241,303,230,255,339,291,181,268,183,132,232,259,175,269,220,126,437,391
PORTUGAL.CONSUME.ELECTR  ,5002,4464,4374,3870,4288,4305,5002,4791,4836,4526,4712,5231,4928,4568,4564,3821,4379,4108,4143,3985,3997,4027,3924,4201,4598,4599,3908,3552,3613,3574,3872,3683,4181,3714,3887,4056
SLOVAKIA.INDPROD.THERMAL ,750,643,631,587,508,406,458,413,511,696,664,738,665,616,613,646,702,471,468,493,410,581,646,636,602,668,570,544,514,440,413,510,456,628,694,714
SLOVAKIA.INDPROD.NUCLEAR ,1223,1103,1221,1168,984,1091,868,1093,874,947,1044,1168,1215,1100,1210,1088,1053,1072,984,883,1118,1043,1118,1199,1215,1125,1215,1004,1039,869,1002,1167,1141,1103,1050,1210
SLOVAKIA.INDPROD.HYDRO   ,369,313,455,390,563,642,457,594,550,383,381,484,521,377,324,267,249,295,465,375,210,296,190,238,376,288,474,428,388,388,342,245,248,273,299,328
SLOVAKIA.INDPROD.GEOTHERM,5,5,5,5,5,5,5,5,5,5,5,5,3,3,3,3,3,3,3,3,3,3,3,3,3,3,3,3,3,3,3,3,3,3,3,3
SLOVAKIA.INDPROD.ELECTR  ,2347,2064,2312,2149,2060,2145,1788,2106,1940,2032,2094,2394,2404,2097,2151,2005,2008,1842,1921,1754,1742,1924,1957,2076,2196,2083,2262,1978,1945,1701,1761,1925,1849,2008,2047,2256
SLOVAKIA.IMPORTS.ELECTR  ,571,680,650,639,438,355,1087,527,603,889,557,338,330,648,726,616,623,562,1032,1181,1016,1343,1501,1649,1487,1415,1110,1143,883,1050,1326,1260,1003,1127,1074,997
SLOVAKIA.EXPORTS.ELECTR  ,444,458,583,668,428,498,762,631,516,660,374,270,475,677,681,666,678,533,1058,1043,922,1127,1210,1428,1347,1186,1220,1174,918,874,1153,1294,958,987,970,997
SLOVAKIA.CONSUME.ELECTR  ,2474,2286,2379,2120,2070,2002,2113,2002,2027,2261,2277,2462,2259,2068,2196,1955,1953,1871,1895,1892,1836,2140,2248,2297,2336,2312,2152,1947,1910,1877,1934,1891,1894,2148,2151,2256
SLOVENIA.INDPROD.THERMAL ,549,456,557,400,364,359,374,375,420,536,491,500,541,495,549,487,395,269,343,417,481,424,505,480,520,547,453,395,365,336,408,416,456,483,508,474
SLOVENIA.INDPROD.NUCLEAR ,505,468,517,500,515,494,499,507,475,0,383,518,518,470,401,499,511,496,504,503,483,513,500,518,517,477,511,212,48,495,503,496,496,478,499,519
SLOVENIA.INDPROD.HYDRO   ,313,244,307,307,477,435,289,340,442,414,548,512,368,224,281,274,331,485,330,307,249,322,250,227,169,131,154,281,380,384,404,322,390,465,513,422
SLOVENIA.INDPROD.GEOTHERM,1,1,1,1,1,1,1,1,1,1,1,1,0,2,4,6,8,7,7,9,8,6,4,3,6,6,14,13,18,18,23,27,18,12,6,6
SLOVENIA.INDPROD.ELECTR  ,1367,1170,1382,1209,1357,1289,1163,1224,1338,951,1423,1531,1426,1190,1234,1267,1245,1258,1184,1236,1222,1265,1259,1228,1213,1160,1132,902,810,1232,1338,1261,1359,1438,1525,1421
SLOVENIA.IMPORTS.ELECTR  ,599,690,712,653,584,654,730,599,616,807,656,715,612,590,715,531,613,614,597,500,457,613,596,591,422,405,483,456,536,425,377,436,344,414,334,370
SLOVENIA.EXPORTS.ELECTR  ,781,785,944,846,874,887,807,808,885,595,918,1002,780,667,759,685,729,727,682,621,563,732,688,665,431,386,487,352,344,535,542,573,520,643,590,512
SLOVENIA.CONSUME.ELECTR  ,1185,1075,1150,1016,1067,1056,1086,1015,1069,1163,1161,1244,1258,1113,1190,1113,1129,1145,1099,1115,1116,1146,1167,1154,1204,1179,1128,1006,1002,1122,1173,1124,1183,1209,1269,1279
SPAIN.INDPROD.THERMAL    ,12168,10425,9455,8813,9686,11136,14130,12775,14122,11858,11553,11650,11632,11496,11540,9115,11200,12195,13345,13525,13545,12453,11559,11714,14047,13874,12828,8930,10681,12898,13126,13067,11532,12556,11768,11533
SPAIN.INDPROD.NUCLEAR    ,4486,4643,4869,4901,4420,4693,5407,5428,5082,5436,5101,4832,4719,4271,4331,4453,3636,4702,4825,5271,4981,4498,4538,4856,5163,5144,5475,5196,4478,3506,5091,5457,5551,5395,4066,4357
SPAIN.INDPROD.HYDRO      ,5679,4432,6194,4936,4028,3695,3088,2191,1683,1808,2790,4181,5480,3165,4108,3685,2720,2121,1718,1628,1358,1480,2367,2474,1907,1479,1616,2020,2656,2295,1180,1601,1332,1695,2277,2944
SPAIN.INDPROD.GEOTHERM   ,4184,4937,5109,3363,4526,3305,3614,3807,3086,4699,4734,4948,4559,4562,5240,4020,3977,3862,4343,3723,3226,3824,4212,5009,4263,5875,4813,6151,4955,4766,4528,4508,4985,4022,5231,5962
SPAIN.INDPROD.ELECTR     ,26518,24437,25627,22013,22660,22827,26240,24201,23973,23800,24178,25611,26390,23495,25220,21273,21533,22881,24231,24147,23110,22256,22677,24052,25380,26373,24732,22297,22771,23466,23926,24632,23400,23668,23342,24796
SPAIN.IMPORTS.ELECTR     ,756,413,474,333,409,377,269,511,375,223,391,674,372,522,404,366,783,743,854,1005,725,780,521,859,1010,487,743,493,733,880,814,799,514,286,682,768
SPAIN.EXPORTS.ELECTR     ,1055,919,1030,1062,949,1198,1279,1274,1341,1526,984,921,996,881,1189,1433,1008,1145,1322,1187,1275,1158,1108,1322,1531,1896,1626,1733,1688,1506,1445,1449,1585,1784,1484,1866
SPAIN.CONSUME.ELECTR     ,26219,23931,25071,21284,22120,22006,25230,23438,23007,22497,23585,25364,25766,23136,24435,20206,21308,22479,23763,23965,22560,21878,22090,23589,24859,24964,23849,21057,21816,22840,23295,23982,22329,22170,22540,23698
SWEDEN.INDPROD.THERMAL   ,2498,2288,2185,1688,1266,1083,926,660,1091,1562,2068,2444,2691,2524,2579,1801,1530,953,837,719,921,1255,1746,2046,2341,2417,1907,1553,1194,940,829,850,1025,1339,1586,2363
SWEDEN.INDPROD.NUCLEAR   ,4712,3926,5134,5572,5751,5128,4467,4661,3387,2890,4695,5303,6530,5792,6435,4941,4831,3724,5030,4278,3293,3446,3878,5485,5327,4784,5563,5442,4366,3986,4495,4354,4720,5677,6069,6081
SWEDEN.INDPROD.HYDRO     ,7275,6293,4914,3807,5614,5377,4969,5288,4754,5803,6152,6136,5477,5471,4116,4532,4240,5178,4086,5641,7228,7076,6050,6825,7195,7091,6854,6420,6682,6168,5858,6042,5385,6710,6255,7210
SWEDEN.INDPROD.GEOTHERM  ,256,202,280,243,219,190,243,230,331,463,472,383,467,499,632,416,449,343,290,343,552,672,547,885,634,672,771,519,530,427,417,348,741,616,786,660
SWEDEN.INDPROD.ELECTR    ,14740,12710,12514,11310,12850,11778,10606,10839,9564,10717,13387,14266,15166,14285,13762,11691,11050,10198,10242,10981,11995,12449,12220,15240,15497,14964,15096,13935,12772,11522,11599,11594,11871,14341,14696,16315
SWEDEN.IMPORTS.ELECTR    ,1806,1824,2076,1253,398,297,536,383,1199,1842,1241,2076,1602,1231,1562,946,671,966,1342,1065,518,765,1157,652,1635,1313,574,848,892,980,836,1295,1110,582,518,1096
SWEDEN.EXPORTS.ELECTR    ,267,261,639,1313,2525,2333,2013,1499,543,410,757,291,1359,1148,1259,1504,1023,1601,2457,2258,2197,1418,1314,2155,2204,1608,2647,2895,2979,2574,3324,3119,2649,2785,2542,1949
SWEDEN.CONSUME.ELECTR    ,16279,14273,13951,11250,10723,9742,9129,9723,10220,12149,13871,16051,15409,14368,14065,11133,10698,9563,9127,9788,10316,11796,12063,13737,14928,14669,13023,11888,10685,9928,9111,9770,10332,12138,12672,15462
SWITLAND.INDPROD.THERMAL ,305,286,285,276,287,275,287,283,252,280,271,274,307,300,310,280,253,246,299,274,258,275,291,306,293,292,332,280,309,276,303,292,270,278,316,314
SWITLAND.INDPROD.NUCLEAR ,2423,2187,2412,2326,2203,1562,2129,1246,1494,2428,2350,2445,2412,2156,2403,2299,2374,1547,2038,1140,1818,2374,2339,2418,2414,2255,2335,2201,2269,1494,2215,1338,1284,1552,2340,2419
SWITLAND.INDPROD.HYDRO   ,2804,2401,2319,2116,3382,4326,4226,3984,3215,2804,2703,3168,2626,2230,2034,2144,2797,3395,3666,3521,3542,2774,2539,2529,2798,2837,2150,2447,3774,4489,4563,4247,3429,3417,2865,2914
SWITLAND.INDPROD.GEOTHERM,10,10,10,10,10,10,10,10,10,10,10,10,10,10,10,10,10,10,10,10,10,10,10,10,19,19,19,19,19,19,19,19,19,19,19,19
SWITLAND.INDPROD.ELECTR  ,5543,4885,5026,4728,5882,6173,6652,5523,4971,5523,5334,5897,5355,4696,4757,4733,5434,5198,6012,4945,5627,5433,5178,5263,5524,5403,4835,4947,6371,6278,7100,5896,5001,5266,5540,5666
SWITLAND.IMPORTS.ELECTR  ,3299,3251,3631,2894,2100,1312,1916,2035,2555,2981,3650,3777,3763,3815,3808,2819,2190,2315,2171,2229,1893,3095,3209,3516,3696,3664,3860,2810,1571,1717,1297,1531,2596,3352,2831,3572
SWITLAND.EXPORTS.ELECTR  ,2499,2442,2683,2492,2770,2293,3413,2488,2475,2951,3115,3261,2800,2810,2588,2555,2480,2550,3212,2149,2556,3212,2663,2663,2971,2726,2953,2568,2977,3020,3518,2465,2685,3197,2663,3073
SWITLAND.CONSUME.ELECTR  ,6343,5694,5974,5130,5212,5192,5155,5070,5051,5553,5869,6413,6318,5701,5977,4997,5144,4963,4971,5025,4964,5316,5724,6116,6249,6341,5742,5189,4965,4975,4879,4962,4912,5421,5708,6165
TURKEY.INDPROD.THERMAL   ,12359,10729,10964,9958,10892,12153,13949,14807,12978,12988,12035,14337,15246,13528,13620,11192,10645,11479,14612,14612,13922,13867,13615,16023,15469,13100,13510,9600,11319,13561,16175,15392,15148,13575,14000,14819
TURKEY.INDPROD.NUCLEAR   ,0,0,0,0,0,0,0,0,0,0,0,0,0,0,0,0,0,0,0,0,0,0,0,0,0,0,0,0,0,0,0,0,0,0,0,0
TURKEY.INDPROD.HYDRO     ,4186,4336,5336,5564,5044,4345,4546,4686,3245,3195,3386,3554,3105,3046,4392,5486,5913,5458,5045,4318,3604,3580,4057,3655,4541,5559,5895,7469,6444,4955,4790,4369,3055,2971,3148,4176
TURKEY.INDPROD.GEOTHERM  ,287,246,228,235,173,210,346,331,331,338,318,431,313,355,374,413,337,375,406,685,545,487,537,488,528,449,473,507,351,584,705,715,549,464,663,612
TURKEY.INDPROD.ELECTR    ,16832,15311,16528,15757,16109,16708,18841,19823,16554,16521,15740,18322,18664,16929,18386,17090,16895,17313,20062,19615,18071,17934,18209,20166,20538,19108,19879,17576,18114,19100,21669,20475,18752,17010,17811,19607
TURKEY.IMPORTS.ELECTR    ,62,58,49,36,35,28,56,48,121,218,214,219,354,362,319,332,323,253,531,562,445,426,410,429,218,253,286,206,266,364,434,420,410,393,509,603
TURKEY.EXPORTS.ELECTR    ,127,135,87,77,115,155,166,177,178,244,236,219,234,222,196,202,222,299,409,380,358,392,452,470,289,177,256,133,36,162,181,157,93,3,2,1
TURKEY.CONSUME.ELECTR    ,16767,15234,16490,15716,16029,16581,18731,19694,16497,16495,15718,18322,18784,17069,18509,17220,16996,17267,20184,19797,18158,17968,18167,20125,20467,19184,19909,17649,18344,19302,21922,20738,19069,17400,18318,20209
UK.INDPROD.THERMAL       ,30127,26806,26439,22776,23019,21053,20982,20119,21586,23283,26028,29702,27371,23408,24694,19020,19344,19064,19431,19787,20520,22256,24142,23400,23156,24462,23305,19545,19772,17855,18462,17464,17028,21938,22288,22727
UK.INDPROD.NUCLEAR       ,5802,4990,5763,4662,4032,3913,3980,4063,3780,5291,4492,5706,5983,5464,6237,5928,5874,5612,5130,4946,4251,4061,4205,5022,5528,5623,4486,5632,5738,5472,5152,5960,5281,4904,4525,5708
UK.INDPROD.HYDRO         ,626,491,577,626,442,361,499,484,584,698,817,513,644,801,614,640,590,566,523,623,786,876,827,1066,1052,842,731,483,503,477,545,542,648,716,831,813
UK.INDPROD.GEOTHERM      ,944,569,933,688,514,455,907,790,1039,1319,1248,810,1209,1301,871,1036,1712,854,701,844,1521,1782,1698,2256,2106,1756,1358,1499,1350,1472,1134,1262,2278,1534,2138,2712
UK.INDPROD.ELECTR        ,37499,32855,33711,28752,28007,25782,26367,25457,26988,30591,32585,36731,35207,30974,32416,26624,27520,26096,25784,26199,27078,28974,30872,31744,31843,32684,29880,27160,27363,25276,25293,25229,25235,29093,29782,31959
UK.IMPORTS.ELECTR        ,141,221,336,382,658,985,1039,1287,617,256,560,662,731,517,539,773,411,870,1063,1002,591,456,447,1289,1475,522,1172,1128,1223,1000,1403,1416,1493,1541,1136,1086
UK.EXPORTS.ELECTR        ,871,771,743,338,235,36,30,30,125,610,367,325,255,286,182,120,280,125,62,85,150,240,585,98,66,1046,70,66,43,53,36,132,59,64,45,40
UK.CONSUME.ELECTR        ,36769,32305,33304,28796,28430,26731,27376,26714,27480,30237,32778,37068,35683,31205,32773,27277,27651,26841,26785,27116,27519,29190,30734,32935,33252,32160,30982,28222,28543,26223,26660,26513,26669,30570,30873,33005
USA.INDPROD.THERMAL      ,258936,227199,216784,200221,226882,269368,306327,309531,250448,217838,212498,255386,255916,212332,209895,202969,221411,258306,306424,299443,240732,213607,204315,227496,229195,212218,204549,197784,230778,254553,308528,291766,240800,220856,216283,226197
USA.INDPROD.NUCLEAR      ,72569,65245,64635,57611,66658,68301,71913,71574,69371,62751,62655,73683,72749,64795,65667,54552,57021,65276,72351,71345,66854,63359,64479,71843,72387,63852,61734,55876,62087,65146,69135,69608,64516,59748,56718,68589
USA.INDPROD.HYDRO        ,24284,22474,22395,20358,27563,32751,27213,22656,19164,19112,21215,25084,28120,26359,33427,33234,35060,34676,34287,29103,23461,21589,22727,26071,24581,21489,27178,27521,30434,28494,28993,25395,19308,17562,20188,24536
USA.INDPROD.GEOTHERM     ,8395,6838,10286,11505,10570,9907,8515,8487,8818,9452,11440,10389,10186,12011,12229,14119,13489,12785,9222,9210,8590,12361,13888,12068,15401,12787,15833,14874,15066,14499,11236,10645,11025,14832,13600,16176
USA.INDPROD.ELECTR       ,364184,321756,314100,289695,331673,380328,413968,412248,347802,309153,307808,364543,366971,315497,321219,304873,326982,371042,422284,409100,339638,310917,305409,337478,341564,310346,309294,296055,338365,362692,417892,397414,335649,312998,306789,335498
USA.IMPORTS.ELECTR       ,5809,4828,4763,4250,3347,4263,4711,3979,3179,2448,2038,1468,4282,3741,4023,3799,4898,4483,6023,5584,4036,3700,3471,4260,4149,3639,4206,4996,5472,5370,6675,6347,4908,4405,4695,4397
USA.EXPORTS.ELECTR       ,997,873,1112,1088,1479,1328,1272,1548,2032,2041,2133,3205,1592,1519,1542,1602,1275,1315,1254,1008,1016,913,1129,874,934,869,1199,1256,1150,1211,1008,850,906,744,800,1070
USA.CONSUME.ELECTR       ,368996,325711,317751,292857,333541,383263,417407,414679,348949,309560,307713,362806,369661,317719,323700,307070,330605,374210,427053,413676,342658,313704,307751,340864,344779,313116,312301,299795,342687,366851,423559,402911,339651,316659,310684,338825
